{
    "loss": 0.5713303685188293,
    "accuracy": 0.9396551847457886
}