{
    "loss": 0.6608542203903198,
    "accuracy": 0.8534482717514038
}